id,account_id,active,status,date,availableHeroes,bannedHeroes,selectedRoles,expectedGold,modifierAmount,modifierTotal,randomedHero,endDate,endMatchID,win,endGold
21,34940151,false,completed,2023-12-16 15:32:34.116,"102,73,68,1,113,2,3,65,38,4,62,78,99,61,96,81,66,56,51,5,55,119,135,50,43,87,69,49,6,107,7,103,106,58,33,41,121,72,123,59,74,91,64,8,90,23,104,52,31,54,25,26,80,48,77,97,136,129,94,82,9,114,10,138,89,53,36,60,88,84,57,111,76,120,44,12,110,137,13,14,45,39,15,32,86,16,79,11,27,75,101,28,93,128,35,67,71,17,18,105,46,109,29,98,34,19,83,95,100,108,85,70,20,40,47,92,126,37,63,21,112,30,42,22",,,100,0,0,112,2023-12-16 17:01:11.244,68397,true,100
1,65110965,false,completed,2023-12-10 14:51:12.285,"102,73,68,1,113,2,3,65,38,4,62,78,99,61,96,81,66,56,51,5,55,119,135,50,43,87,69,49,6,107,7,103,106,58,33,41,121,72,123,59,74,91,64,8,90,23,104,52,31,54,25,26,80,48,77,97,136,129,94,82,9,114,10,138,89,53,36,60,88,84,57,111,76,120,44,12,110,137,13,14,45,39,15,32,86,16,79,11,27,75,101,28,93,128,35,67,71,17,18,105,46,109,29,98,34,19,83,95,100,108,85,70,20,40,47,92,126,37,63,21,112,30,42,22","73,113,66,91,94,82,89,46,34",,28,9,72,17,2023-12-12 05:32:41.352,54767,true,28
15,80636612,true,active,2023-12-13 00:21:41.357,"102,73,68,1,113,2,3,65,38,4,62,78,99,61,96,81,66,56,51,5,55,119,135,50,43,87,69,49,6,107,7,103,106,58,33,41,121,72,123,59,74,64,8,90,23,104,52,31,54,25,26,80,48,77,97,136,129,94,82,9,114,10,138,89,53,36,60,88,84,57,111,76,120,44,12,110,137,13,14,45,39,15,32,86,16,79,11,27,75,101,28,93,128,35,67,71,17,18,105,46,109,29,98,34,19,83,95,100,108,85,70,20,40,47,92,126,37,63,21,112,30,42,22","66,82,91",,100,3,0,109,,,,
22,34940151,false,completed,2023-12-16 17:01:22.223,"102,73,68,1,113,2,3,65,38,4,62,78,99,61,96,81,66,56,51,5,55,119,135,50,43,87,69,49,6,107,7,103,106,58,33,41,121,72,123,59,74,91,64,8,90,23,104,52,31,54,25,26,80,48,77,97,136,129,94,82,9,114,10,138,89,53,36,60,88,84,57,111,76,120,44,12,110,137,13,14,45,39,15,32,86,16,79,11,27,75,101,28,93,128,35,67,71,17,18,105,46,109,29,98,34,19,83,95,100,108,85,70,20,40,47,92,126,37,63,21,112,30,42,22",,,100,0,0,15,2023-12-17 14:37:43.195,68442,false,0
18,123794823,true,active,2023-12-16 02:26:44.635,"102,73,68,1,113,2,3,65,38,4,62,78,99,61,96,81,66,56,51,5,55,119,135,50,43,87,69,49,6,107,7,103,106,58,33,41,121,72,123,59,74,91,64,8,90,23,104,52,31,54,25,26,80,48,77,97,136,129,94,82,9,114,10,138,89,53,36,60,88,84,57,111,76,120,44,12,110,137,13,14,45,39,15,32,86,16,79,11,27,75,101,28,93,128,35,67,71,17,18,105,46,109,29,98,34,19,83,95,100,108,85,70,20,40,47,92,126,37,63,21,112,30,42,22",,"All,Carry,Disabler,Durable,Escape,Initiator,Nuker,Pusher,Support",100,0,0,120,,,,
2,34940151,false,completed,2023-12-11 01:44:42.253,"102,73,68,1,113,2,3,65,38,4,62,78,99,61,96,81,66,56,51,5,55,119,135,50,43,87,69,49,6,107,7,103,106,58,33,41,121,72,123,59,74,91,64,8,90,23,104,52,31,54,25,26,80,48,77,97,136,129,94,82,9,114,10,138,89,53,36,60,88,84,57,111,76,120,44,12,110,137,13,14,45,39,15,32,86,16,79,11,27,75,101,28,93,128,35,67,71,17,18,105,46,109,29,98,34,19,83,95,100,108,85,70,20,40,47,92,126,37,63,21,112,30,42,22",,,100,0,0,40,2023-12-16 02:23:20.567,54780,true,100
10,113003047,false,completed,2023-12-12 12:53:02.846,"102,73,68,1,113,2,3,65,38,4,62,78,99,61,96,81,56,51,5,55,119,135,50,43,87,69,49,6,7,103,106,58,33,41,121,72,123,59,74,64,8,90,23,104,52,31,54,25,26,80,48,77,97,136,129,94,9,114,10,138,89,53,36,60,88,84,57,111,76,120,44,12,110,137,13,14,45,39,15,32,86,16,79,11,27,75,101,28,93,128,35,67,71,17,18,105,46,109,29,98,34,19,83,95,100,108,85,70,20,40,47,92,126,37,63,21,112,30,42,22,91","82,107,66",,100,3,0,49,2023-12-16 00:17:43.333,66115,true,100
17,34940151,false,completed,2023-12-16 02:23:27.849,"102,73,68,1,113,2,3,65,38,4,62,78,99,61,96,81,66,56,51,5,55,119,135,50,43,87,69,49,6,107,7,103,106,58,33,41,121,72,123,59,74,91,64,8,90,23,104,52,31,54,25,26,80,48,77,97,136,129,94,82,9,114,10,138,89,53,36,60,88,84,57,111,76,120,44,12,110,137,13,14,45,39,15,32,86,16,79,11,27,75,101,28,93,128,35,67,71,17,18,105,46,109,29,98,34,19,83,95,100,108,85,70,20,40,47,92,126,37,63,21,112,30,42,22",,,100,0,0,19,2023-12-16 03:50:03.917,66286,false,0
14,65110965,false,completed,2023-12-12 13:52:36.463,"102,73,68,1,113,2,3,65,38,4,62,78,99,61,96,81,66,56,51,5,55,119,135,50,43,87,69,49,6,107,7,103,106,58,33,41,121,72,123,59,74,91,64,8,90,23,104,52,31,54,25,26,80,48,77,97,136,129,94,82,9,114,10,138,89,53,36,60,88,84,57,111,76,120,44,12,110,137,13,14,45,39,15,32,86,16,79,11,27,75,101,28,93,128,35,67,71,17,18,105,46,109,29,98,34,19,83,95,100,108,85,70,20,40,47,92,126,37,63,21,112,30,42,22","66,91,94",,100,3,0,77,2023-12-16 03:50:08.894,66291,false,0
9,68024789,false,completed,2023-12-11 02:18:48.123,"102,73,68,1,113,2,3,65,38,4,62,78,99,61,96,81,66,56,51,5,55,119,135,50,43,87,69,49,6,107,7,103,106,58,33,41,121,72,123,59,74,91,64,8,90,23,104,52,31,54,25,26,80,48,77,97,136,129,94,82,9,114,10,138,89,53,36,60,88,84,57,111,76,120,44,12,110,137,13,14,45,39,15,32,86,16,79,11,27,75,101,28,93,128,35,67,71,17,18,105,46,109,29,98,34,19,83,95,100,108,85,70,20,40,47,92,126,37,63,21,112,30,42,22","113,66,80,82,111",,60,5,40,6,2023-12-13 00:31:23.696,54846,true,60
3,80636612,false,completed,2023-12-11 02:17:46.552,"102,73,68,1,113,2,3,65,38,4,62,78,99,61,96,81,66,56,51,5,55,119,135,50,43,87,69,49,6,107,7,103,106,58,33,41,121,72,123,59,74,91,64,8,90,23,104,52,31,54,25,26,80,48,77,97,136,129,94,82,9,114,10,138,89,53,36,60,88,84,57,111,76,120,44,12,110,137,13,14,45,39,15,32,86,16,79,11,27,75,101,28,93,128,35,67,71,17,18,105,46,109,29,98,34,19,83,95,100,108,85,70,20,40,47,92,126,37,63,21,112,30,42,22",,,100,0,0,17,2023-12-13 00:17:36.058,64573,true,100
19,65110965,false,completed,2023-12-16 15:01:34.841,"102,73,68,1,113,2,3,65,38,4,62,78,99,61,96,81,66,56,51,5,55,119,135,50,43,87,69,49,6,107,7,103,106,58,33,41,121,72,123,59,74,91,64,8,90,23,104,52,31,54,25,26,80,48,77,97,136,129,94,82,9,114,10,138,89,53,36,60,88,84,57,111,76,120,44,12,110,137,13,14,45,39,15,32,86,16,79,11,27,75,101,28,93,128,35,67,71,17,18,105,46,109,29,98,34,19,83,95,100,108,85,70,20,40,47,92,126,37,63,21,112,30,42,22","66,91,94",,100,3,0,137,2023-12-16 17:01:58.906,68405,true,100
20,423076846,false,completed,2023-12-16 15:29:19.211,"102,73,68,1,113,2,3,65,38,4,62,78,99,61,96,81,66,56,51,5,55,119,135,50,43,87,69,49,6,107,7,103,106,58,33,41,121,72,123,59,74,91,64,8,90,23,104,52,31,54,25,26,80,48,77,97,136,129,94,82,9,114,10,138,89,53,36,60,88,84,57,111,76,120,44,12,110,137,13,14,45,39,15,32,86,16,79,11,27,75,101,28,93,128,35,67,71,17,18,105,46,109,29,98,34,19,83,95,100,108,85,70,20,40,47,92,126,37,63,21,112,30,42,22",,,100,0,0,13,2023-12-16 17:03:46.636,68409,true,100
11,113003047,false,completed,2023-12-12 12:53:45.228,"102,73,68,1,113,2,3,65,38,4,62,78,99,61,96,81,56,51,5,55,119,135,50,43,87,69,49,6,7,103,106,58,33,41,121,72,123,59,74,64,8,90,23,104,52,31,54,25,26,80,48,77,97,136,129,94,9,114,10,138,89,53,36,60,88,84,57,111,76,120,44,12,110,137,13,14,45,39,15,32,86,16,79,11,27,75,101,28,93,128,35,67,71,17,18,105,46,109,29,98,34,19,83,95,100,108,85,70,20,40,47,92,126,37,63,21,112,30,42,22,91","82,107,66",,100,3,0,21,2023-12-17 08:36:44.716,66298,false,0
16,68024789,false,completed,2023-12-16 00:19:01.746,"102,73,68,1,113,2,3,65,38,4,62,78,99,61,96,81,66,56,51,5,55,119,135,50,43,87,69,49,6,107,7,103,106,58,33,41,121,72,123,59,74,91,64,8,90,23,104,52,31,54,25,26,80,48,77,97,136,129,94,82,9,114,10,138,89,53,36,60,88,84,57,111,76,120,44,12,110,137,13,14,45,39,15,32,86,16,79,11,27,75,101,28,93,128,35,67,71,17,18,105,46,109,29,98,34,19,83,95,100,108,85,70,20,40,47,92,126,37,63,21,112,30,42,22",,,100,0,0,14,2023-12-19 22:50:35.155,66316,false,0
24,65110965,false,completed,2023-12-16 17:04:11.568,"102,73,68,1,113,2,3,65,38,4,62,78,99,61,96,81,66,56,51,5,55,119,135,50,43,87,69,49,6,107,7,103,106,58,33,41,121,72,123,59,74,91,64,8,90,23,104,52,31,54,25,26,80,48,77,97,136,129,94,82,9,114,10,138,89,53,36,60,88,84,57,111,76,120,44,12,110,137,13,14,45,39,15,32,86,16,79,11,27,75,101,28,93,128,35,67,71,17,18,105,46,109,29,98,34,19,83,95,100,108,85,70,20,40,47,92,126,37,63,21,112,30,42,22","66,91,94",,100,3,0,137,2023-12-17 16:00:53.375,68775,true,100
23,423076846,false,completed,2023-12-16 17:03:51.057,"102,73,68,1,113,2,3,65,38,4,62,78,99,61,96,81,66,56,51,5,55,119,135,50,43,87,69,49,6,107,7,103,106,58,33,41,121,72,123,59,74,91,64,8,90,23,104,52,31,54,25,26,80,48,77,97,136,129,94,82,9,114,10,138,89,53,36,60,88,84,57,111,76,120,44,12,110,137,13,14,45,39,15,32,86,16,79,11,27,75,101,28,93,128,35,67,71,17,18,105,46,109,29,98,34,19,83,95,100,108,85,70,20,40,47,92,126,37,63,21,112,30,42,22",,,100,0,0,71,2023-12-16 17:46:48.819,68421,false,0
26,113003047,false,completed,2023-12-17 08:36:58.031,"102,73,68,1,113,2,3,65,38,4,62,78,99,61,96,81,66,56,51,5,55,119,135,50,43,87,69,49,6,107,7,103,106,58,33,41,121,72,123,59,74,91,64,8,90,23,104,52,31,54,25,26,80,48,77,97,136,129,94,82,9,114,10,138,89,53,36,60,88,84,57,111,76,120,44,12,110,137,13,14,45,39,15,32,86,16,79,11,27,75,101,28,93,128,35,67,71,17,18,105,46,109,29,98,34,19,83,95,100,108,85,70,20,40,47,92,126,37,63,21,112,30,42,22","66,107,82",,100,3,0,92,2023-12-17 14:15:36.733,68710,true,100
27,113003047,false,completed,2023-12-17 14:17:02.131,"102,73,68,1,113,2,3,65,38,4,62,78,99,61,96,81,56,51,5,55,119,135,50,43,87,69,49,6,7,103,106,58,33,41,121,72,123,59,74,91,64,8,90,23,104,52,31,54,25,26,80,48,77,97,136,129,94,9,114,10,138,89,53,36,60,88,84,57,111,76,120,44,12,110,137,13,14,45,39,15,32,86,16,79,11,27,75,101,28,93,128,35,67,71,17,18,105,46,109,29,98,34,19,83,95,100,108,85,70,20,40,47,92,126,37,63,21,112,30,42,22","82,107,66",,100,3,0,102,2023-12-17 15:16:18.373,68766,false,0
28,34940151,false,completed,2023-12-17 14:41:27.512,"102,73,68,1,113,2,3,65,38,4,62,78,99,61,96,81,66,56,51,5,55,119,135,50,43,87,69,49,6,107,7,103,106,58,33,41,121,72,123,59,74,91,64,8,90,23,104,52,31,54,25,26,80,48,77,97,136,129,94,82,9,114,10,138,89,53,36,60,88,84,57,111,76,120,44,12,110,137,13,14,45,39,15,32,86,16,79,11,27,75,101,28,93,128,35,67,71,17,18,105,46,109,29,98,34,19,83,95,100,108,85,70,20,40,47,92,126,37,63,21,112,30,42,22",,,100,0,0,15,2023-12-17 16:58:12.068,68777,true,100
31,65110965,false,completed,2023-12-17 19:47:01.886,"102,68,1,113,2,3,65,38,4,62,78,99,61,96,81,66,56,51,5,55,119,135,50,43,87,69,49,6,107,7,103,106,58,33,41,121,72,123,59,74,91,64,8,90,23,104,52,31,54,25,26,80,48,77,97,136,129,94,82,9,114,10,138,89,53,36,60,88,84,57,111,76,120,44,12,110,137,13,14,45,39,15,32,86,16,79,11,27,75,101,28,93,128,35,67,71,17,18,105,46,109,29,98,34,19,83,95,100,108,85,70,20,40,47,92,126,37,63,21,112,30,42,22,73","66,91,94",,100,3,0,70,2023-12-18 03:06:49.643,69001,true,100
30,34940151,false,completed,2023-12-17 17:05:04.213,"102,73,68,1,113,2,3,65,38,4,62,78,99,61,96,81,56,51,5,55,119,135,50,43,87,69,49,6,107,7,103,106,58,33,41,121,72,123,59,74,91,64,8,90,23,104,52,31,54,25,26,80,48,77,97,136,129,94,9,114,10,138,89,53,36,60,88,84,57,111,76,120,44,12,110,137,13,14,45,39,15,32,86,16,79,11,75,101,28,93,128,35,67,71,17,18,46,109,29,98,34,19,83,95,100,108,85,70,20,40,47,92,126,37,63,21,112,30,42,22,27","105,82,66",,100,3,0,100,2023-12-18 03:06:58.595,69004,true,100
33,34940151,false,completed,2023-12-18 03:07:34.302,"102,73,68,1,113,2,3,65,38,4,62,78,99,61,96,81,56,51,5,55,119,135,50,43,87,69,49,6,107,7,103,106,58,33,41,121,72,123,59,74,91,64,8,90,23,104,52,31,54,25,26,80,48,77,97,136,129,94,9,114,10,138,89,53,36,60,88,84,57,111,76,120,44,12,110,137,13,14,45,39,15,32,86,16,79,11,27,75,101,28,93,128,35,67,71,17,18,46,109,29,98,34,19,83,95,100,108,85,70,20,40,47,92,126,37,63,21,112,30,42,22","105,82,66",,100,3,0,34,2023-12-18 03:42:52.616,69008,false,0
32,65110965,false,completed,2023-12-18 03:07:15.385,"102,73,68,1,113,2,3,65,38,4,62,78,99,61,96,81,66,56,51,5,55,119,135,50,43,87,69,49,6,107,7,103,106,58,33,41,121,72,123,59,74,91,64,8,90,23,104,52,31,54,25,26,80,48,77,97,136,129,94,82,9,114,10,138,89,53,36,60,88,84,57,111,76,120,44,12,110,137,13,14,45,39,15,32,86,16,79,11,27,75,101,28,93,128,35,67,71,17,18,105,46,109,29,98,34,19,83,95,100,108,85,70,20,40,47,92,126,37,63,21,112,30,42,22","66,91,94",,100,3,0,48,2023-12-18 03:43:06.127,69012,false,0
35,34940151,false,completed,2023-12-18 03:43:41.437,"102,73,68,1,113,2,3,65,38,4,62,78,99,61,96,81,56,51,5,55,119,135,50,43,87,69,49,6,107,7,103,106,58,33,41,121,72,123,59,74,91,64,8,90,23,104,52,31,54,25,26,80,48,77,97,136,129,94,9,114,10,138,89,53,36,60,88,84,57,111,76,120,44,12,110,137,13,14,45,39,15,32,86,16,79,11,27,75,101,28,93,128,35,67,71,17,18,46,109,29,98,34,19,83,95,100,108,85,70,20,40,47,92,126,37,63,21,112,30,42,22","82,105,66",,100,3,0,42,2023-12-18 04:16:50.115,69017,true,100
34,65110965,false,completed,2023-12-18 03:43:20.611,"102,73,68,1,113,2,3,65,38,4,62,78,99,61,96,81,66,56,51,5,55,119,135,50,43,87,69,49,6,107,7,103,106,58,33,41,121,72,123,59,74,91,64,8,90,23,104,52,31,54,25,26,80,48,77,97,136,129,94,82,9,114,10,138,89,53,36,60,88,84,57,111,76,120,44,12,110,137,13,14,45,39,15,32,86,16,79,11,27,75,101,28,93,128,35,67,71,17,18,105,46,109,29,98,34,19,83,95,100,108,85,70,20,40,47,92,126,37,63,21,112,30,42,22","66,91,94",,100,3,0,80,2023-12-18 04:16:55.553,69022,true,100
37,34940151,false,completed,2023-12-18 04:17:54.926,"102,73,68,1,113,2,3,65,38,4,62,78,99,61,96,81,66,56,51,5,55,119,135,50,43,87,69,49,6,107,7,103,106,58,33,41,121,72,123,59,74,91,64,8,90,23,104,52,31,54,25,26,80,48,77,97,136,129,94,82,9,114,10,138,89,53,36,60,88,84,57,111,76,120,44,12,110,137,13,14,45,39,15,32,86,16,79,11,27,75,101,28,93,128,35,67,71,17,18,105,46,109,29,98,34,19,83,95,100,108,85,70,20,40,47,92,126,37,63,21,112,30,42,22","82,105,66",,100,3,0,110,2023-12-18 04:46:19.456,69028,false,0
29,113003047,false,completed,2023-12-17 15:16:26.285,"102,73,68,1,113,2,3,65,38,4,62,78,99,61,96,81,66,56,51,5,55,119,135,50,43,87,69,49,6,107,7,103,106,58,33,41,121,72,123,59,74,91,64,8,90,23,104,52,31,54,25,26,80,48,77,97,136,129,94,82,9,114,10,138,89,53,36,60,88,84,57,111,76,120,44,12,110,137,13,14,45,39,15,32,86,16,79,11,27,75,101,28,93,128,35,67,71,17,18,105,46,109,29,98,34,19,83,95,100,108,85,70,20,40,47,92,126,37,63,21,112,30,42,22","66,107,82",,100,3,0,72,2023-12-18 12:13:12.974,68800,true,100
38,113003047,false,completed,2023-12-18 12:13:33.432,"102,73,68,1,113,2,3,65,38,4,62,78,99,61,96,81,66,56,51,5,55,119,135,50,43,87,69,49,6,107,7,103,106,58,33,41,121,72,123,59,74,91,64,8,90,23,104,52,31,54,25,26,80,48,77,97,136,129,94,82,9,114,10,138,89,53,36,60,88,84,57,111,76,120,44,12,110,137,13,14,45,39,15,32,86,16,79,11,27,75,101,28,93,128,35,67,71,17,18,105,46,109,29,98,34,19,83,95,100,108,85,70,20,40,47,92,126,37,63,21,112,30,42,22","66,107,82",,100,3,0,30,2023-12-18 12:44:13.57,69108,false,0
39,113003047,false,completed,2023-12-18 12:44:26.916,"102,73,68,1,113,2,3,65,38,4,62,78,99,61,96,81,66,56,51,5,55,119,135,50,43,87,69,49,6,107,7,103,106,58,33,41,121,72,123,59,74,91,64,8,90,23,104,52,31,54,25,26,80,48,77,97,136,129,94,82,9,114,10,138,89,53,36,60,88,84,57,111,76,120,44,12,110,137,13,14,45,39,15,32,86,16,79,11,27,75,101,28,93,128,35,67,71,17,18,105,46,109,29,98,34,19,83,95,100,108,85,70,20,40,47,92,126,37,63,21,112,30,42,22","66,107,82",,100,3,0,28,2023-12-18 13:14:09.206,69120,true,100
36,65110965,false,completed,2023-12-18 04:17:45.825,"102,73,68,1,113,2,3,65,38,4,62,78,99,61,96,81,66,56,51,5,55,119,135,50,43,87,69,49,6,107,7,103,106,58,33,41,121,72,123,59,74,91,64,8,90,23,104,52,31,54,25,26,80,48,77,97,136,129,94,82,9,114,10,138,89,53,36,60,88,84,57,111,76,120,44,12,110,137,13,14,45,39,15,32,86,16,79,11,27,75,101,28,93,128,35,67,71,17,18,105,46,109,29,98,34,19,83,95,100,108,85,70,20,40,47,92,126,37,63,21,112,30,42,22","66,91,94",,100,3,0,108,2023-12-21 02:32:54.701,69888,true,100
25,423076846,false,completed,2023-12-16 17:48:04.551,"102,73,68,1,113,2,3,65,38,4,62,78,99,61,96,81,66,56,51,5,55,119,135,50,43,87,69,49,6,107,7,103,106,58,33,41,121,72,123,59,74,91,64,8,90,23,104,52,31,54,25,26,80,48,77,97,136,129,94,82,9,114,10,138,89,53,36,60,88,84,57,111,76,120,44,12,110,137,13,14,45,39,15,32,86,16,79,11,27,75,101,28,93,128,35,67,71,17,18,105,46,109,29,98,34,19,83,95,100,108,85,70,20,40,47,92,126,37,63,21,112,30,42,22",,,100,0,0,19,2023-12-18 12:44:28.704,69112,false,0
40,423076846,false,completed,2023-12-18 12:44:30.984,"102,73,68,1,113,2,3,65,38,4,62,78,99,61,96,81,66,56,51,5,55,119,135,50,43,87,69,49,6,107,7,103,106,58,33,41,121,72,123,59,74,91,64,8,90,23,104,52,31,54,25,26,80,48,77,97,136,129,94,82,9,114,10,138,89,53,36,60,88,84,57,111,76,120,44,12,110,137,13,14,45,39,15,32,86,16,79,11,27,75,101,28,93,128,35,67,71,17,18,105,46,109,29,98,34,19,83,95,100,108,85,70,20,40,47,92,126,37,63,21,112,30,42,22",,,100,0,0,83,2023-12-18 13:14:07.183,69114,true,100
42,113003047,false,completed,2023-12-18 13:14:12.861,"102,73,68,1,113,2,3,65,38,4,62,78,99,61,96,81,66,56,51,5,55,119,135,50,43,87,69,49,6,107,7,103,106,58,33,41,121,72,123,59,74,91,64,8,90,23,104,52,31,54,25,26,80,48,77,97,136,129,94,82,9,114,10,138,89,53,36,60,88,84,57,111,76,120,44,12,110,137,13,14,45,39,15,32,86,16,79,11,27,75,101,28,93,128,35,67,71,17,18,105,46,109,29,98,34,19,83,95,100,108,85,70,20,40,47,92,126,37,63,21,112,30,42,22","66,107,82",,100,3,0,93,2023-12-19 12:40:30.713,69174,false,0
43,105114682,true,active,2023-12-18 16:24:00.416,"102,73,68,1,113,2,3,65,38,4,62,78,99,61,96,81,66,56,51,5,55,119,135,50,43,87,69,49,6,107,7,103,106,58,33,41,121,72,123,59,74,91,64,8,90,23,104,52,31,54,25,26,80,48,77,97,136,129,94,82,9,114,10,138,89,53,36,60,88,84,57,111,76,120,44,12,110,137,13,14,45,39,15,32,86,16,79,11,27,75,101,28,93,128,35,67,71,17,18,105,46,109,29,98,34,19,83,95,100,108,85,70,20,40,47,92,126,37,63,21,112,30,42,22","73,113,61,66,59,91,80,94,82,89,46,34",,10,12,90,112,,,,
41,423076846,false,completed,2023-12-18 13:14:10.975,"102,73,68,1,113,2,3,65,38,4,62,78,99,61,96,81,66,56,51,5,55,119,135,50,43,87,69,49,6,107,7,103,106,58,33,41,121,72,123,59,74,91,64,8,90,23,104,52,31,54,25,26,80,48,77,97,136,129,94,82,9,114,10,138,89,53,36,60,88,84,57,111,76,120,44,12,110,137,13,14,45,39,15,32,86,16,79,11,27,75,101,28,93,128,35,67,71,17,18,105,46,109,29,98,34,19,83,95,100,108,85,70,20,40,47,92,126,37,63,21,112,30,42,22",,,100,0,0,70,2023-12-18 17:04:20.863,69195,false,0
44,423076846,false,completed,2023-12-18 17:04:23.469,"102,73,68,1,113,2,3,65,38,4,62,78,99,61,96,81,66,56,51,5,55,119,135,50,43,87,69,49,6,107,7,103,106,58,33,41,121,72,123,59,74,91,64,8,90,23,104,52,31,54,25,26,80,48,77,97,136,129,94,82,9,114,10,138,89,53,36,60,88,84,57,111,76,120,44,12,110,137,13,14,45,39,15,32,86,16,79,11,27,75,101,28,93,128,35,67,71,17,18,105,46,109,29,98,34,19,83,95,100,108,85,70,20,40,47,92,126,37,63,21,112,30,42,22",,,100,0,0,105,2023-12-19 14:20:21.267,69664,false,0
45,113003047,false,completed,2023-12-19 12:40:41.697,"102,73,68,1,113,2,3,65,38,4,62,78,99,61,96,81,66,56,51,5,55,119,135,50,43,87,69,49,6,107,7,103,106,58,33,41,121,72,123,59,74,91,64,8,90,23,104,52,31,54,25,26,80,48,77,97,136,129,94,82,9,114,10,138,89,53,36,60,88,84,57,111,76,120,44,12,110,137,13,14,45,39,15,32,86,16,79,11,27,75,101,28,93,128,35,67,71,17,18,105,46,109,29,98,34,19,83,95,100,108,85,70,20,40,47,92,126,37,63,21,112,30,42,22","66,107,82",,100,3,0,92,2023-12-19 14:21:19.14,69670,false,0
47,68024789,false,completed,2023-12-19 22:50:46.632,"102,73,68,1,113,2,3,65,38,4,62,78,99,61,96,81,66,56,51,5,55,119,135,50,43,87,69,49,6,107,7,103,106,58,33,41,121,72,123,59,74,91,64,8,90,23,104,52,31,54,25,26,80,48,77,97,136,129,94,82,9,114,10,138,89,53,36,60,88,84,57,111,76,120,44,12,110,137,13,14,45,39,15,32,86,16,79,11,27,75,101,28,93,128,35,67,71,17,18,105,46,109,29,98,34,19,83,95,100,108,85,70,20,40,47,92,126,37,63,21,112,30,42,22",,,100,0,0,103,2023-12-20 00:30:31.881,69682,true,100
46,423076846,false,completed,2023-12-19 14:20:24.16,"102,73,68,1,113,2,3,65,38,4,62,78,99,61,96,81,66,56,51,5,55,119,135,50,43,87,69,49,6,107,7,103,106,58,33,41,121,72,123,59,74,91,64,8,90,23,104,52,31,54,25,26,80,48,77,97,136,129,94,82,9,114,10,138,89,53,36,60,88,84,57,111,76,120,44,12,110,137,13,14,45,39,15,32,86,16,79,11,27,75,101,28,93,128,35,67,71,17,18,105,46,109,29,98,34,19,83,95,100,108,85,70,20,40,47,92,126,37,63,21,112,30,42,22",,,100,0,0,7,2023-12-20 00:57:15.911,69684,true,100
49,68024789,false,completed,2023-12-20 03:51:10.529,"102,73,68,1,113,2,3,65,38,4,62,78,99,61,96,81,66,56,51,5,55,119,135,50,43,87,69,49,6,107,7,103,106,58,33,41,121,72,123,59,74,91,64,8,90,23,104,52,31,54,25,26,80,48,77,97,136,129,94,82,9,114,10,138,89,53,36,60,88,84,57,111,76,120,44,12,110,137,13,14,45,39,15,32,86,16,79,11,27,75,101,28,93,128,35,67,71,17,18,105,46,109,29,98,34,19,83,95,100,108,85,70,20,40,47,92,126,37,63,21,112,30,42,22",,,100,0,0,123,2023-12-20 04:37:56.385,69688,true,100
50,34940151,false,completed,2023-12-20 03:53:14.977,"102,73,68,1,113,2,3,65,4,62,78,99,61,96,81,56,51,5,55,119,135,50,43,87,69,49,6,107,7,103,106,58,33,41,121,72,123,59,74,91,64,8,90,23,104,52,31,54,25,26,80,48,77,97,136,129,94,82,9,114,10,138,89,53,36,60,88,84,57,111,76,120,44,12,110,137,13,14,45,39,32,86,16,79,11,27,75,101,28,93,128,35,67,71,17,18,46,109,29,98,34,19,83,95,100,108,85,70,20,40,47,92,126,37,63,21,112,30,42,22,38","105,66,15",,100,3,0,42,2023-12-20 04:38:01.157,69695,true,100
51,68024789,false,completed,2023-12-20 04:38:07.198,"102,73,68,1,113,2,3,65,38,4,62,78,99,61,96,81,66,56,51,5,55,119,135,50,43,87,69,49,6,107,7,103,106,58,33,41,121,72,123,59,74,91,64,8,90,23,104,52,31,54,25,26,80,48,77,97,136,129,94,82,9,114,10,138,89,53,36,60,88,84,57,111,76,120,44,12,110,137,13,14,45,39,15,32,86,16,79,11,27,75,101,28,93,128,35,67,71,17,18,105,46,109,29,98,34,19,83,95,100,108,85,70,20,40,47,92,126,37,63,21,112,30,42,22",,,100,0,0,135,2023-12-21 02:41:47.096,69892,false,0
55,68024789,false,completed,2023-12-21 02:42:12.834,"102,73,68,1,113,2,3,65,38,4,62,78,99,61,96,81,66,56,51,5,55,119,135,50,43,87,69,49,6,107,7,103,106,58,33,41,121,72,123,59,74,91,64,8,90,23,104,52,31,54,25,26,80,48,77,97,136,129,94,82,9,114,10,138,89,53,36,60,88,84,57,111,76,120,44,12,110,137,13,14,45,39,15,32,86,16,79,11,27,75,101,28,93,128,35,67,71,17,18,105,46,109,29,98,34,19,83,95,100,108,85,70,20,40,47,92,126,37,63,21,112,30,42,22",,,100,0,0,28,2023-12-21 03:13:41.213,69895,false,0
52,34940151,false,completed,2023-12-20 04:39:35.047,"102,73,68,1,113,2,3,65,38,4,62,78,99,61,96,81,66,56,51,5,55,119,135,50,43,87,69,49,6,107,7,103,106,58,33,41,121,72,123,59,74,91,64,8,90,23,104,52,31,54,25,26,80,48,77,97,136,129,94,9,114,10,138,89,53,36,60,88,84,57,111,76,120,44,12,110,137,13,14,45,39,32,86,16,79,11,27,75,101,28,93,128,35,67,71,17,18,46,109,29,98,34,19,83,95,100,108,85,70,20,40,47,92,126,37,63,21,112,30,42,22","82,105,15",,100,3,0,52,2023-12-21 03:13:48.376,69898,false,0
57,34940151,false,completed,2023-12-21 03:14:10.505,"102,73,68,1,113,2,3,65,38,4,62,78,99,61,96,81,56,51,5,55,119,135,50,43,87,69,49,6,107,7,103,106,58,33,41,121,72,123,59,74,91,64,8,90,23,104,52,31,54,25,26,80,48,77,97,136,129,94,9,114,10,138,89,53,36,60,88,84,57,111,76,120,44,12,110,137,13,14,45,39,15,32,86,16,79,11,27,75,101,28,93,128,35,67,71,17,18,46,109,29,98,34,19,83,95,100,108,85,70,20,40,47,92,126,37,63,21,112,30,42,22","105,82,66",,100,3,0,29,2023-12-21 03:53:38.555,69902,true,100
58,34940151,true,active,2023-12-21 03:54:32.68,"102,73,68,1,113,2,3,65,38,4,62,78,99,61,96,81,66,56,51,5,55,119,135,50,43,87,69,49,6,107,7,103,106,58,33,41,121,72,123,59,74,91,64,8,90,23,104,52,31,54,25,26,80,48,77,97,136,129,94,82,9,114,10,138,89,53,36,60,88,84,57,111,76,120,44,12,110,137,13,14,45,39,15,32,86,16,79,11,27,75,101,28,93,128,35,67,71,17,18,105,46,109,29,98,34,19,83,95,100,108,85,70,20,40,47,92,126,37,63,21,112,30,42,22","66,82,105",,100,3,0,84,,,,
53,113003047,false,completed,2023-12-20 12:12:43.673,"102,73,68,1,113,2,3,65,38,4,62,78,99,61,96,81,66,56,51,5,55,119,135,50,43,87,69,49,6,107,7,103,106,58,33,41,121,72,123,59,74,91,64,8,90,23,104,52,31,54,25,26,80,48,77,97,136,129,94,82,9,114,10,138,89,53,36,60,88,84,57,111,76,120,44,12,110,137,13,14,45,39,15,32,86,16,79,11,27,75,101,28,93,128,35,67,71,17,18,105,46,109,29,98,34,19,83,95,100,108,85,70,20,40,47,92,126,37,63,21,112,30,42,22","66,107,82",,100,3,0,7,2023-12-21 14:41:41.193,69966,false,0
48,423076846,false,completed,2023-12-20 00:57:25.33,"102,73,68,1,113,2,3,65,38,4,62,78,99,61,96,81,66,56,51,5,55,119,135,50,43,87,69,49,6,107,7,103,106,58,33,41,121,72,123,59,74,91,64,8,90,23,104,52,31,54,25,26,80,48,77,97,136,129,94,82,9,114,10,138,89,53,36,60,88,84,57,111,76,120,44,12,110,137,13,14,45,39,15,32,86,16,79,11,27,75,101,28,93,128,35,67,71,17,18,105,46,109,29,98,34,19,83,95,100,108,85,70,20,40,47,92,126,37,63,21,112,30,42,22",,,100,0,0,92,2023-12-21 14:42:28.968,69968,false,0
54,65110965,false,completed,2023-12-21 02:34:20.202,"102,73,68,1,113,2,3,65,38,4,62,78,99,61,96,81,66,56,51,5,55,119,135,50,43,87,69,49,6,107,7,103,106,58,33,41,121,72,123,59,74,91,64,8,90,23,104,52,31,54,25,26,80,48,77,97,136,129,94,82,9,114,10,138,89,53,36,60,88,84,57,111,76,120,44,12,110,137,13,14,45,39,15,32,86,16,79,11,27,75,101,28,93,128,35,67,71,17,18,105,46,109,29,98,34,19,83,95,100,108,85,70,20,40,47,92,126,37,63,21,112,30,42,22","66,91,94",,100,3,0,13,2023-12-21 17:26:13.711,69978,false,0
56,68024789,false,completed,2023-12-21 03:13:43.689,"102,73,68,1,113,2,3,65,38,4,62,78,99,61,96,81,66,56,51,5,55,119,135,50,43,87,69,49,6,107,7,103,106,58,33,41,121,72,123,59,74,91,64,8,90,23,104,52,31,54,25,26,80,48,77,97,136,129,94,82,9,114,10,138,89,53,36,60,88,84,57,111,76,120,44,12,110,137,13,14,45,39,15,32,86,16,79,11,27,75,101,28,93,128,35,67,71,17,18,105,46,109,29,98,34,19,83,95,100,108,85,70,20,40,47,92,126,37,63,21,112,30,42,22",,,100,0,0,52,2023-12-21 14:39:08.422,69964,false,0
59,113003047,false,completed,2023-12-21 14:41:44.273,"102,73,68,1,113,2,3,65,38,4,62,78,99,61,96,81,66,56,51,5,55,119,135,50,43,87,69,49,6,107,7,103,106,58,33,41,121,72,123,59,74,91,64,8,90,23,104,52,31,54,25,26,80,48,77,97,136,129,94,82,9,114,10,138,89,53,36,60,88,84,57,111,76,120,44,12,110,137,13,14,45,39,15,32,86,16,79,11,27,75,101,28,93,128,35,67,71,17,18,105,46,109,29,98,34,19,83,95,100,108,85,70,20,40,47,92,126,37,63,21,112,30,42,22","66,107,82",,100,3,0,70,2023-12-21 15:34:47.43,70030,false,0
62,113003047,true,active,2023-12-21 15:34:54.607,"102,73,68,1,113,2,3,65,38,4,62,78,99,61,96,81,66,56,51,5,55,119,135,50,43,87,69,49,6,107,7,103,106,58,33,41,121,72,123,59,74,91,64,8,90,23,104,52,31,54,25,26,80,48,77,97,136,129,94,82,9,114,10,138,89,53,36,60,88,84,57,111,76,120,44,12,110,137,13,14,45,39,15,32,86,16,79,11,27,75,101,28,93,128,35,67,71,17,18,105,46,109,29,98,34,19,83,95,100,108,85,70,20,40,47,92,126,37,63,21,112,30,42,22","66,107,82",,100,3,0,33,,,,
60,423076846,false,completed,2023-12-21 14:42:31.661,"102,73,68,1,113,2,3,65,38,4,62,78,99,61,96,81,66,56,51,5,55,119,135,50,43,87,69,49,6,107,7,103,106,58,33,41,121,72,123,59,74,91,64,8,90,23,104,52,31,54,25,26,80,48,77,97,136,129,94,82,9,114,10,138,89,53,36,60,88,84,57,111,76,120,44,12,110,137,13,14,45,39,15,32,86,16,79,11,27,75,101,28,93,128,35,67,71,17,18,105,46,109,29,98,34,19,83,95,100,108,85,70,20,40,47,92,126,37,63,21,112,30,42,22",,,100,0,0,95,2023-12-21 15:35:03.073,70032,false,0
63,423076846,true,active,2023-12-21 15:35:04.443,"102,73,68,1,113,2,3,65,38,4,62,78,99,61,96,81,66,56,51,5,55,119,135,50,43,87,69,49,6,107,7,103,106,58,33,41,121,72,123,59,74,91,64,8,90,23,104,52,31,54,25,26,80,48,77,97,136,129,94,82,9,114,10,138,89,53,36,60,88,84,57,111,76,120,44,12,110,137,13,14,45,39,15,32,86,16,79,11,27,75,101,28,93,128,35,67,71,17,18,105,46,109,29,98,34,19,83,95,100,108,85,70,20,40,47,92,126,37,63,21,112,30,42,22",,,100,0,0,92,,,,
61,68024789,false,completed,2023-12-21 14:42:37.375,"102,73,68,1,113,2,3,65,38,4,62,78,99,61,96,81,66,56,51,5,55,119,135,50,43,87,69,49,6,107,7,103,106,58,33,41,121,72,123,59,74,91,64,8,90,23,104,52,31,54,25,26,80,48,77,97,136,129,94,82,9,114,10,138,89,53,36,60,88,84,57,111,76,120,44,12,110,137,13,14,45,39,15,32,86,16,79,11,27,75,101,28,93,128,35,67,71,17,18,105,46,109,29,98,34,19,83,95,100,108,85,70,20,40,47,92,126,37,63,21,112,30,42,22",,,100,0,0,89,2023-12-21 15:56:56.836,70037,false,0